id;model;params;isDefault;isLta;triangleTestMean;triangleTestStd;triangleTrainMean;triangleTrainStd;triangleBestTest;triangleBestTrain;nciTestMean;nciTestStd;nciTrainMean;nciTrainStd;nciBestTest;nciBestTrain;proteinsTestMean;proteinsTestStd;proteinsTrainMean;proteinsTrainStd;proteinsBestTest;proteinsBestTrain;ddTestMean;ddTestStd;ddTrainMean;ddTrainStd;ddBestTest;ddBestTrain;redditTestMean;redditTestStd;redditTrainMean;redditTrainStd;redditBestTest;redditBestTrain;imdbTestMean;imdbTestStd;imdbTrainMean;imdbTrainStd;imdbBestTest;imdbBestTrain
0;WL\textsubscript{ST};T=1;1;1;64.8;13.2;88.3;6.9;0;0;73.9;2.6;76.7;1.2;0;0;72.8;3.3;76.5;3.6;0;0;78.9;4.2;94.8;8.0;1;0;76.3;2.5;81.7;3.6;0;0;71.0;2.2;71.7;1.3;0;0
1;WL\textsubscript{ST};T=2;0;1;59.1;13.1;93.0;6.2;0;0;81.3;2.2;88.3;3.0;0;0;74.0;3.6;86.1;10.8;1;0;78.3;4.4;96.8;4.9;0;1;80.5;1.4;95.0;3.0;1;0;70.4;2.9;79.0;6.5;0;0
2;WL\textsubscript{ST};T=3;0;1;56.9;11.1;98.0;1.7;0;0;84.8;1.6;97.6;2.6;0;1;73.0;2.4;79.5;10.4;0;0;78.8;4.3;95.1;6.3;1;0;78.0;2.7;94.4;1.9;0;0;72.9;2.5;82.0;6.2;0;0
3;WL\textsubscript{ST};T=4;0;1;60.4;10.7;99.7;0.5;0;1;85.0;1.8;97.3;3.0;1;0;73.0;2.6;79.4;9.5;0;0;78.5;4.3;95.1;7.8;0;0;77.7;2.7;95.5;1.9;0;1;72.6;2.4;83.4;6.7;0;0
4;WL\textsubscript{ST};T=5;1;1;62.6;11.2;100.0;0.0;0;1;85.4;2.0;98.2;1.7;1;0;73.3;2.2;82.0;11.5;0;0;77.8;4.3;97.7;5.8;0;0;77.3;3.7;96.4;1.6;1;0;72.7;2.2;84.5;6.1;0;0
5;WL\textsubscript{SP};T=3;0;0;68.0;10.7;96.9;8.4;1;0;m;m;m;m;0;0;73.1;3.5;88.5;6.9;0;1;m;m;m;m;0;0;m;m;m;m;0;0;74.4;3.5;89.0;0.7;1;1
6;WL\textsubscript{SP};T=5;1;0;69.7;9.5;100.0;0.0;1;1;m;m;m;m;0;0;73.4;2.7;92.3;5.8;1;1;m;m;m;m;0;0;m;m;m;m;0;0;73.6;2.6;89.1;0.6;1;1
7;2-LWL;T=3;1;1;56.5;6.2;97.3;3.3;0;0;76.7;2.2;85.0;2.1;0;0;69.4;4.6;85.1;6.8;0;0;76.6;3.5;100.0;0.0;0;1;75.8;2.9;90.5;0.8;0;0;72.2;3.3;73.2;0.9;0;0
8;2-GWL;T=3;1;0;61.8;8.8;99.9;0.2;0;0;71.6;2.1;99.7;0.3;0;1;73.1;3.6;89.8;6.0;0;0;76.3;3.9;100.0;0.0;0;1;75.4;3.2;99.4;0.6;0;1;70.4;3.2;83.7;7.3;0;0
9;Baseline;\mathrm{sum};1;0;44.6;8.1;48.8;1.6;0;0;67.7;3.1;71.7;4.0;0;0;74.0;4.9;73.9;3.8;0;0;75.7;2.5;89.7;6.1;1;1;72.1;7.8;0.0;0.0;0;0;50.7;2.4;0.0;0.0;0;0
10;GIN;\mathrm{sum};1;0;70.0;7.4;84.2;10.6;0;0;77.4;2.9;79.5;4.2;0;0;71.8;3.1;76.4;3.2;0;0;75.2;3.4;83.6;5.1;0;0;87.0;4.4;0.0;0.0;0;0;66.8;3.9;0.0;0.0;0;0
11;2-GNN;\mean;1;0;76.8;10.7;93.2;3.1;0;0;75.9;2.0;84.3;2.0;0;0;74.8;3.4;81.3;3.7;0;0;72.9;4.1;82.9;4.3;0;0;t;t;t;t;0;0;71.4;3.6;70.7;1.8;0;0
12;2-GNN;\mathrm{SAM};1;0;81.8;7.6;97.1;2.9;0;0;78.3;1.8;86.1;2.2;1;1;73.8;3.5;84.0;6.0;0;1;69.6;3.9;83.5;6.9;0;0;t;t;t;t;0;0;70.9;3.2;72.2;1.2;0;0
13;2-WL-GNN;\mean;0;1;91.1;4.8;97.3;2.3;0;0;65.8;3.4;67.9;1.5;1;1;74.6;3.4;79.1;2.2;0;0;70.6;3.6;73.1;2.7;1;0;t;t;t;t;0;0;69.9;4.4;70.6;3.4;0;0
14;2-WL-GNN;\mean;0;0;95.8;4.6;98.5;2.5;0;0;t;t;t;t;0;0;t;t;t;t;0;0;t;t;t;t;0;0;t;t;t;t;0;0;t;t;t;t;0;0
15;2-WL-GNN;\mathrm{SAM};0;1;94.5;4.7;98.8;1.1;0;0;65.0;4.1;66.8;1.6;0;0;74.7;2.4;79.3;2.9;1;1;70.2;2.4;73.3;3.5;0;1;t;t;t;t;0;0;70.0;4.5;71.7;2.9;0;1
16;2-WL-GNN;\mathrm{SAM};0;0;98.8;1.7;99.8;0.5;1;1;t;t;t;t;0;0;t;t;t;t;0;0;t;t;t;t;0;0;t;t;t;t;0;0;t;t;t;t;0;0
17;2-WL-GNN;\mean;1;1;90.7;4.7;97.8;1.0;0;0;70.8;3.2;74.4;2.5;0;0;75.6;6.0;78.2;4.0;0;0;72.9;2.6;78.5;2.5;0;0;73.3;3.9;73.4;2.4;0;0;70.9;3.4;71.4;2.0;0;0
18;2-WL-GNN;\mean;1;0;92.9;8.4;98.3;2.6;0;0;72.4;2.9;77.0;1.7;0;0;76.5;2.7;81.5;3.2;1;0;75.4;3.3;82.3;2.5;0;0;83.7;5.2;85.5;6.4;0;0;71.2;4.0;72.7;3.0;0;0
19;2-WL-GNN;\mathrm{SAM};1;1;90.9;5.1;98.0;0.5;0;0;70.2;4.3;73.8;3.6;0;0;76.2;3.3;78.9;1.7;0;0;74.3;2.4;79.8;3.2;0;0;77.1;3.0;77.9;1.8;0;0;72.2;3.1;72.2;1.6;1;0
20;2-WL-GNN;\mathrm{SAM};1;0;99.4;1.3;99.8;0.4;1;1;t;t;t;t;0;0;75.4;3.5;82.2;2.0;0;0;t;t;t;t;0;0;88.3;2.6;90.4;2.2;1;1;71.1;4.5;73.9;3.0;0;1
